"id";"nom";"marque";"sucre";"calories";"graisses";"proteines";"bio"
1;"Shawn";"Tuna - Canned, Flaked, Light";2;72;48;98;"false"
2;"Roxanne";"Lamb - Rack";52;31;86;56;"true"
3;"Enid";"Chips - Doritos";55;69;68;76;"true"
4;"Carolan";"Muffin Batt - Carrot Spice";37;93;89;42;"false"
5;"Fanchon";"Soup - Knorr, French Onion";87;25;71;52;"false"
6;"Fionnula";"Crab - Soft Shell";96;50;71;86;"false"
7;"Udall";"Yucca";13;89;34;41;"false"
8;"Gloriana";"Quiche Assorted";58;60;79;65;"true"
9;"Marget";"Horseradish - Prepared";90;56;15;44;"false"
10;"Julio";"Coconut - Creamed, Pure";46;65;23;35;"false"
11;"Mellicent";"Lettuce - Frisee";22;95;14;74;"true"
12;"Hakeem";"Filling - Mince Meat";82;63;45;33;"false"
13;"Elianora";"Garlic Powder";22;9;51;39;"true"
14;"Ethelred";"Fish - Atlantic Salmon, Cold";37;30;23;27;"false"
15;"Aloysia";"Island Oasis - Ice Cream Mix";77;75;72;15;"false"
16;"Milissent";"Rum - Coconut, Malibu";8;70;12;73;"true"
17;"Chrisy";"Butter Sweet";79;6;7;33;"false"
18;"Read";"Filling - Mince Meat";50;1;26;60;"false"
19;"Benyamin";"Soupfoamcont12oz 112con";82;14;93;64;"true"
20;"Kristine";"Sproutsmustard Cress";59;36;27;78;"true"
21;"Gabey";"Duck - Fat";23;83;80;6;"false"
22;"Cobb";"Pork - Butt, Boneless";58;57;26;4;"false"
23;"Astrix";"Cheese - Woolwich Goat, Log";38;66;7;98;"true"
24;"Crystie";"Pie Box - Cello Window 2.5";11;11;16;60;"false"
25;"Alia";"Energy - Boo - Koo";2;79;79;79;"true"
26;"Bryn";"Beef - Ground Medium";80;23;44;78;"false"
27;"Timmy";"Pastrami";51;94;76;77;"true"
28;"Tabbitha";"Pasta - Shells, Medium, Dry";54;96;3;95;"false"
29;"Ugo";"Radish - Black, Winter, Organic";88;7;63;71;"true"
30;"Pebrook";"Bread - Bagels, Mini";85;43;21;4;"false"
31;"Rona";"Puree - Guava";87;41;91;41;"true"
32;"Theadora";"Walkers Special Old Whiskey";48;92;8;58;"false"
33;"Patty";"Iced Tea - Lemon, 460 Ml";19;55;40;29;"true"
34;"Gavrielle";"Chives - Fresh";68;30;75;75;"true"
35;"Cornelle";"Beans - Wax";3;99;4;19;"false"
36;"Julia";"Celery Root";53;96;93;60;"false"
37;"Jackie";"Fuji Apples";27;49;56;75;"false"
38;"Mira";"Ecolab - Power Fusion";72;73;62;62;"true"
39;"Jyoti";"Spoon - Soup, Plastic";76;53;96;18;"true"
40;"Shawn";"Icecream - Dstk Super Cone";49;3;99;59;"true"
41;"Fanny";"Wine - Blue Nun Qualitatswein";10;5;8;90;"false"
42;"Meredith";"Chips Potato Salt Vinegar 43g";56;90;18;6;"true"
43;"Sherri";"Lamb Rack - Ontario";62;26;7;10;"true"
44;"Sansone";"Bread - White, Sliced";74;58;36;79;"true"
45;"Arlette";"Praline Paste";79;90;61;16;"true"
46;"Codie";"Trout - Hot Smkd, Dbl Fillet";79;91;52;83;"true"
47;"Mersey";"Higashimaru Usukuchi Soy";2;43;83;26;"true"
48;"Marigold";"Jam - Apricot";81;86;29;33;"false"
49;"Mollie";"Island Oasis - Magarita Mix";50;81;7;85;"true"
50;"Fredra";"Veal - Bones";89;35;17;50;"true"
51;"Marthe";"Wine - Magnotta - Cab Sauv";43;89;13;37;"false"
52;"Zebadiah";"Long Island Ice Tea";98;29;88;56;"true"
53;"Hubie";"Dehydrated Kelp Kombo";17;73;99;31;"false"
54;"Cathi";"Mussels - Cultivated";54;60;86;7;"true"
55;"Crissie";"Sprouts - Corn";40;92;95;77;"true"
56;"Sabine";"Butter Ripple - Phillips";69;50;70;72;"false"
57;"Waylon";"Tia Maria";19;6;34;56;"false"
58;"Dinny";"Potatoes - Yukon Gold, 80 Ct";23;27;30;95;"true"
59;"Carly";"Lid Tray - 12in Dome";76;57;81;67;"false"
60;"Manya";"Mussels - Cultivated";19;46;55;69;"false"
61;"Tatum";"Foil Wrap";51;99;51;98;"true"
62;"Donovan";"Shrimp - Tiger 21/25";70;5;74;72;"true"
63;"Martynne";"Beef - Ground Lean Fresh";82;28;62;31;"false"
64;"Leroi";"Yams";94;74;93;66;"true"
65;"Bryn";"Tea - Herbal - 6 Asst";19;15;37;10;"false"
66;"Alleen";"Water - Evian 355 Ml";47;44;74;88;"false"
67;"Storm";"Chicken - Leg, Boneless";83;82;30;48;"true"
68;"Torie";"Turnip - Mini";4;20;58;5;"false"
69;"Cristine";"Cinnamon - Stick";91;32;11;83;"false"
70;"Karyl";"Vinegar - White Wine";48;48;98;17;"false"
71;"Valdemar";"Cheese - Parmesan Grated";9;57;2;3;"false"
72;"Jobie";"Basil - Dry, Rubbed";66;95;40;39;"true"
73;"Tabatha";"Butter Ripple - Phillips";17;91;35;47;"false"
74;"Doug";"Dome Lid Clear P92008h";38;13;52;38;"true"
75;"Nat";"Juice - Tomato, 48 Oz";52;58;92;16;"true"
76;"Rafaelita";"Milk - Condensed";95;18;12;63;"true"
77;"Harrietta";"Lid - 0090 Clear";75;63;97;98;"false"
78;"Duke";"Huck White Towels";64;90;32;19;"true"
79;"Ingemar";"Capers - Pickled";94;90;40;5;"true"
80;"Fayette";"Salmon Atl.whole 8 - 10 Lb";57;15;27;45;"false"
81;"Hedy";"Vinegar - White";37;28;78;14;"true"
82;"Melesa";"Crush - Cream Soda";38;97;61;67;"false"
83;"Marita";"Pan Grease";88;47;85;26;"true"
84;"Sayer";"Gherkin - Sour";55;98;96;68;"false"
85;"Hurleigh";"Cheese - Roquefort Pappillon";95;17;65;35;"false"
86;"Leisha";"Lamb - Racks, Frenched";61;73;37;84;"true"
87;"Andromache";"Wine - Placido Pinot Grigo";30;46;98;16;"true"
88;"Gran";"Pepper - Chillies, Crushed";51;43;13;29;"false"
89;"Katy";"Mushroom - Morel Frozen";79;90;9;23;"true"
90;"Reilly";"Arizona - Green Tea";55;69;59;63;"true"
91;"Kinna";"Sauce - Cranberry";45;27;71;23;"false"
92;"Emelina";"Clams - Canned";6;20;5;80;"false"
93;"Anthony";"Bread - Malt";39;2;3;30;"true"
94;"Kendall";"Bandage - Fexible 1x3";3;66;15;28;"false"
95;"Janel";"Corn Syrup";82;71;45;18;"false"
96;"Penelopa";"Southern Comfort";72;10;21;1;"true"
97;"Fawnia";"Mustard - Dijon";33;75;4;100;"true"
98;"Jdavie";"Bamboo Shoots - Sliced";73;70;19;69;"false"
99;"Katusha";"Ginger - Crystalized";80;65;50;5;"true"
100;"Bennie";"Croissants Thaw And Serve";44;82;19;92;"false"
101;"Udall";"Chickensplit Half";45;71;4;1;"false"
102;"Joyann";"Juice - Orange, Concentrate";25;66;30;66;"false"
103;"Thatch";"Oil - Shortening,liqud, Fry";49;41;89;30;"true"
104;"Jermayne";"Cheese - Wine";91;27;20;70;"true"
105;"Sinclare";"Beef - Cow Feet Split";45;9;29;31;"false"
106;"Marius";"Bread - Ciabatta Buns";4;50;94;90;"true"
107;"Carolina";"Wine La Vielle Ferme Cote Du";87;12;62;95;"true"
108;"Cort";"Bread - Dark Rye";79;23;52;79;"true"
109;"Lorianna";"Buffalo - Short Rib Fresh";93;36;99;87;"false"
110;"Mohammed";"Lemonade - Mandarin, 591 Ml";50;23;25;66;"false"
111;"Tremayne";"Cranberries - Fresh";41;57;46;76;"false"
112;"Erinn";"Cookies Oatmeal Raisin";42;87;41;65;"true"
113;"Rafaelita";"Rabbit - Whole";99;6;98;5;"true"
114;"Simona";"Mushroom - Morels, Dry";35;88;76;27;"false"
115;"Ofilia";"Garam Masala Powder";9;2;59;17;"false"
116;"Theadora";"Persimmons";13;58;61;79;"true"
117;"Heddie";"Creme De Cacao Mcguines";78;49;91;64;"false"
118;"Riki";"Eggplant - Baby";94;25;45;40;"true"
119;"Waldon";"Cherries - Frozen";36;67;49;6;"false"
120;"Paolina";"Wild Boar - Tenderloin";3;60;24;89;"true"
121;"Jasmine";"Tomatoes - Vine Ripe, Red";57;55;4;52;"true"
122;"Denice";"Wine - Sicilia Igt Nero Avola";69;98;25;3;"true"
123;"Julieta";"Muffin - Mix - Bran And Maple 15l";51;8;40;69;"true"
124;"Aurelia";"Tomatoes - Orange";47;64;77;76;"false"
125;"Augustus";"Pastry - Apple Muffins - Mini";20;50;27;16;"true"
126;"Arleen";"Juice - Prune";8;53;37;65;"false"
127;"Hazel";"Sausage - Meat";5;11;13;70;"true"
128;"Giacinta";"Cod - Black Whole Fillet";42;67;15;10;"false"
129;"Nikoletta";"Nantucket - Carrot Orange";53;27;68;56;"false"
130;"Fidela";"Halibut - Steaks";11;89;47;82;"false"
131;"Rafaelita";"Foie Gras";16;72;8;48;"false"
132;"Everett";"Lamb - Shoulder, Boneless";26;27;16;43;"true"
133;"Sofia";"Tomatoes - Hot House";49;9;62;76;"false"
134;"Fidel";"Muffin Hinge Container 6";84;74;50;11;"true"
135;"Bessy";"Sachet";57;86;33;39;"false"
136;"Lonnie";"Vermouth - White, Cinzano";99;20;37;75;"false"
137;"Wye";"Spring Roll Veg Mini";23;44;100;38;"true"
138;"Randie";"Chicken - Ground";90;42;32;65;"false"
139;"Joeann";"Cornish Hen";82;43;28;4;"true"
140;"Odilia";"Wine - Redchard Merritt";9;6;35;54;"true"
141;"Forest";"Wood Chips - Regular";90;68;27;3;"false"
142;"Faulkner";"Cabbage - Savoy";7;47;21;83;"false"
143;"Keriann";"Squid U5 - Thailand";41;30;28;5;"false"
144;"Graham";"Juice - Cranberry 284ml";74;29;78;39;"true"
145;"Penelopa";"Cape Capensis - Fillet";42;23;66;8;"false"
146;"Lane";"Longos - Grilled Salmon With Bbq";49;15;94;74;"true"
147;"Woodman";"Potatoes - Mini Red";87;71;25;39;"false"
148;"Jory";"Blue Curacao - Marie Brizard";88;97;49;97;"true"
149;"Octavia";"Beef - Ground, Extra Lean, Fresh";58;51;100;20;"true"
150;"Orbadiah";"Oil - Canola";61;6;36;88;"false"
151;"Jerrilee";"Pate - Liver";36;45;82;3;"true"
152;"Stanford";"Pears - Bosc";36;35;44;62;"true"
153;"Herta";"Onions Granulated";12;56;15;55;"true"
154;"Alejoa";"Mushroom - Chantrelle, Fresh";93;6;20;82;"true"
155;"Neysa";"Pie Box - Cello Window 2.5";39;11;21;6;"false"
156;"Minnnie";"Pie Filling - Pumpkin";53;47;30;28;"true"
157;"Johnath";"Liners - Baking Cups";52;11;33;74;"true"
158;"Verina";"Mushroom - Lg - Cello";21;89;6;87;"true"
159;"Cher";"Wine - Barossa Valley Estate";100;57;98;32;"true"
160;"Bessy";"Sugar - Icing";81;58;62;6;"false"
161;"Cherie";"Carbonated Water - Cherry";36;15;71;23;"false"
162;"Jonie";"Juice - Lagoon Mango";65;34;84;98;"true"
163;"Jonell";"Bread - Pita";39;78;49;10;"true"
164;"Kale";"Pork - Back, Short Cut, Boneless";5;39;65;53;"true"
165;"Gifford";"Ecolab - Solid Fusion";87;80;71;5;"false"
166;"Renell";"Bread - Multigrain, Loaf";18;82;47;34;"true"
167;"Trumann";"Chocolate - Milk";38;61;22;66;"false"
168;"Mal";"Cookies Almond Hazelnut";73;41;30;48;"false"
169;"Astrid";"Bread Crumbs - Japanese Style";27;29;15;55;"true"
170;"Holli";"Carrots - Jumbo";53;84;96;47;"true"
171;"Morgun";"Puff Pastry - Slab";84;18;30;10;"false"
172;"Charin";"Scallops - In Shell";40;92;20;5;"true"
173;"Malvin";"Towel - Roll White";99;86;6;25;"false"
174;"Halley";"Chef Hat 20cm";98;9;28;27;"true"
175;"Massimo";"Bread - Raisin";61;32;29;40;"false"
176;"Luisa";"Magnotta - Bel Paese White";38;69;67;19;"false"
177;"Charlena";"Juice - Ocean Spray Kiwi";32;23;40;62;"true"
178;"Gregoire";"Pastry - Choclate Baked";50;41;60;89;"true"
179;"Wylie";"Energy Drink";45;34;14;10;"false"
180;"Robers";"Cheese - Cheddar With Claret";68;26;19;20;"true"
181;"Dorian";"Vinegar - Tarragon";61;43;2;10;"false"
182;"Mora";"Sprite - 355 Ml";61;35;77;73;"false"
183;"Gaelan";"Lettuce - Lolla Rosa";69;29;93;8;"true"
184;"Raul";"Banana Turning";82;31;17;30;"true"
185;"Quill";"Beer - Paulaner Hefeweisse";12;35;57;75;"false"
186;"Viola";"Cheese - Oka";61;45;73;57;"false"
187;"Barron";"Creme De Menthe Green";80;79;31;81;"true"
188;"Allsun";"Pastry - Mini French Pastries";55;84;14;5;"true"
189;"Breanne";"Longos - Grilled Veg Sandwiches";67;15;39;58;"true"
190;"Olag";"Food Colouring - Green";61;84;90;47;"true"
191;"Chas";"Energy Drink - Redbull 355ml";7;44;61;34;"false"
192;"Alanah";"Prunes - Pitted";82;97;84;39;"true"
193;"Mahala";"French Pastry - Mini Chocolate";84;77;50;49;"true"
194;"Brien";"Sauce - White, Mix";100;26;13;76;"false"
195;"Travis";"Shrimp - Prawn";18;65;14;63;"false"
196;"Tonye";"Butter Sweet";60;63;84;79;"false"
197;"Timmie";"Cookie Trail Mix";74;74;87;3;"false"
198;"Derrik";"Marzipan 50/50";4;38;57;62;"true"
199;"Robinetta";"Pepper - Scotch Bonnet";32;36;40;33;"false"
200;"Winfield";"Corn - Cream, Canned";70;20;84;72;"true"
201;"Ferne";"Veal - Eye Of Round";1;13;98;16;"false"
202;"Jeff";"Wine - Segura Viudas Aria Brut";81;81;60;49;"false"
203;"Loise";"Pepper - Green";16;84;1;64;"false"
204;"Gloriane";"Container Clear 8 Oz";85;100;98;84;"false"
205;"Nydia";"Jagermeister";35;78;86;14;"false"
206;"Gracia";"Bread Fig And Almond";49;12;18;70;"true"
207;"Rowan";"Chocolate - Semi Sweet";4;83;79;63;"false"
208;"Peyter";"Chips Potato Salt Vinegar 43g";24;25;82;44;"false"
209;"Trudie";"Wine - Cahors Ac 2000, Clos";16;95;90;11;"false"
210;"Karleen";"Swiss Chard";45;66;37;64;"false"
211;"Tracey";"Sambuca Cream";48;86;4;94;"false"
212;"Debora";"Crab - Blue, Frozen";24;98;3;16;"true"
213;"Elmore";"Bread - Pita";96;15;35;16;"false"
214;"Mabel";"Soup - Campbells Chili";67;100;15;27;"true"
215;"Ines";"Lemon Balm - Fresh";83;90;81;76;"true"
216;"Sawyere";"Pepper - Chilli Seeds Mild";38;58;23;19;"false"
217;"Valry";"Sachet";38;20;53;99;"false"
218;"Pamela";"Bag - Bread, White, Plain";94;11;35;96;"true"
219;"Rebecka";"Otomegusa Dashi Konbu";34;20;71;34;"true"
220;"Matias";"Sauce - Bernaise, Mix";85;36;93;45;"false"
221;"Asia";"Creamers - 10%";44;17;65;18;"true"
222;"Kevan";"Wine - Barbera Alba Doc 2001";39;66;30;29;"true"
223;"Esta";"Chickhen - Chicken Phyllo";83;54;30;28;"false"
224;"Christal";"Sugar - Brown, Individual";34;3;89;98;"false"
225;"Daveen";"Buffalo - Tenderloin";75;10;70;82;"true"
226;"Abbie";"Poppy Seed";9;16;17;87;"true"
227;"Joell";"Gingerale - Schweppes, 355 Ml";38;75;29;47;"false"
228;"Emera";"Rum - Cream, Amarula";72;65;93;94;"false"
229;"Kyle";"Mousse - Banana Chocolate";69;64;1;35;"true"
230;"Ursula";"Appetizer - Chicken Satay";56;68;66;38;"true"
231;"Alfredo";"Coconut - Creamed, Pure";8;68;26;59;"true"
232;"Karlens";"Tumeric";83;60;66;98;"true"
233;"Jerry";"Chicken - Leg / Back Attach";21;30;50;84;"true"
234;"Franky";"Fondant - Icing";43;99;72;43;"true"
235;"Rose";"Grapes - Black";33;2;52;79;"true"
236;"Clement";"Pasta - Orecchiette";18;13;32;98;"true"
237;"Eartha";"Bag Stand";10;39;9;22;"true"
238;"Garner";"Wine - Lamancha Do Crianza";83;99;30;81;"true"
239;"Allsun";"Beef - Outside, Round";65;97;16;69;"false"
240;"Viv";"Juice - Orange, Concentrate";95;27;38;13;"true"
241;"Milicent";"Cherries - Frozen";63;17;14;19;"false"
242;"Alisa";"Pepper - Black, Ground";29;98;100;19;"false"
243;"Kelcey";"Pail With Metal Handle 16l White";78;3;31;86;"false"
244;"Arlette";"Smoked Tongue";25;81;13;4;"false"
245;"Veda";"Toothpick Frilled";60;32;57;15;"false"
246;"Jeannette";"Melon - Watermelon, Seedless";96;78;66;84;"true"
247;"Legra";"Yogurt - Cherry, 175 Gr";86;6;48;19;"true"
248;"Cherianne";"Bulgar";18;87;64;39;"true"
249;"Gawen";"Rice - Jasmine Sented";89;68;32;62;"true"
250;"Jenilee";"Gatorade - Orange";40;67;46;34;"true"
251;"Mordecai";"Cookie Trail Mix";99;73;28;18;"false"
252;"Ignazio";"Nantucket Pine Orangebanana";18;49;71;80;"false"
253;"Katalin";"Tomatoes - Orange";99;87;55;56;"false"
254;"Barton";"Pasta - Cheese / Spinach Bauletti";64;64;44;15;"false"
255;"Tania";"Chocolate Bar - Coffee Crisp";24;33;61;20;"false"
256;"Babbette";"Wine - Red, Lurton Merlot De";5;53;67;12;"false"
257;"Gery";"Nantucket - 518ml";54;30;88;46;"false"
258;"Ede";"Campari";15;17;83;12;"false"
259;"Akim";"Glass - Juice Clear 5oz 55005";85;65;3;22;"false"
260;"Torre";"Black Currants";29;84;50;1;"false"
261;"Irv";"Coffee - Egg Nog Capuccino";50;56;100;69;"true"
262;"Yurik";"Tea Peppermint";26;35;71;51;"false"
263;"Conrade";"Lettuce - Lambs Mash";60;20;42;72;"false"
264;"Olympe";"Cheese - Cheddar, Old White";41;87;83;58;"false"
265;"Lorin";"Juice - Orange";8;99;25;86;"true"
266;"Robinson";"Alize Gold Passion";84;95;89;42;"true"
267;"Abelard";"Allspice - Jamaican";86;22;15;8;"true"
268;"Hyacinthie";"Madeira";100;67;95;80;"false"
269;"Margie";"Petite Baguette";19;16;2;35;"false"
270;"Pamella";"Calvados - Boulard";12;31;96;28;"false"
271;"Jereme";"Sobe - Cranberry Grapefruit";79;28;85;23;"true"
272;"Pasquale";"Tomatoes - Orange";81;82;34;54;"false"
273;"Gerek";"Brownies - Two Bite, Chocolate";70;33;18;7;"false"
274;"Chickie";"Cheese - Goat With Herbs";39;54;1;98;"false"
275;"Lawrence";"Wine - Rosso Del Veronese Igt";62;75;56;8;"true"
276;"Daphene";"Graham Cracker Mix";89;84;60;67;"true"
277;"Jecho";"Arctic Char - Fillets";29;24;13;79;"false"
278;"Buddie";"Pie Filling - Pumpkin";16;67;50;6;"true"
279;"Rafi";"Chocolate - Sugar Free Semi Choc";75;11;82;77;"true"
280;"Leisha";"Crab Brie In Phyllo";54;70;35;90;"true"
281;"Cody";"Wine - Fat Bastard Merlot";62;44;36;30;"true"
282;"Mildrid";"Parsnip";42;87;96;63;"false"
283;"Maximo";"Bread Base - Italian";52;25;56;37;"true"
284;"Regan";"Tuna - Salad Premix";54;66;34;56;"false"
285;"Cherice";"Scallops - In Shell";26;15;64;85;"true"
286;"Brigid";"Zucchini - Green";75;96;15;24;"false"
287;"Natale";"Lettuce - Baby Salad Greens";68;29;36;60;"false"
288;"Moishe";"Cookie Dough - Double";11;82;2;99;"true"
289;"Bowie";"Wine - Chablis 2003 Champs";14;70;63;64;"false"
290;"Datha";"Fib N9 - Prague Powder";59;77;38;90;"true"
291;"Jena";"Yoghurt Tubes";50;23;86;58;"false"
292;"Denver";"Sausage - Blood Pudding";63;71;1;47;"true"
293;"Noelyn";"Spinach - Frozen";29;37;78;15;"true"
294;"Holli";"Lettuce - Iceberg";8;32;56;38;"true"
295;"Josy";"Lamb - Pieces, Diced";68;30;81;70;"true"
296;"Stephana";"Wine - Baron De Rothschild";53;94;57;46;"true"
297;"Harper";"Wine - Winzer Krems Gruner";10;71;54;23;"true"
298;"Silvan";"Milk - Chocolate 500ml";69;96;3;42;"true"
299;"Torre";"Sherry - Dry";74;22;81;69;"false"
300;"Hali";"Pail For Lid 1537";88;65;17;47;"false"
301;"Gerianne";"Juice - Grape, White";57;62;35;76;"false"
302;"Sophey";"Wine - Prosecco Valdobienne";51;36;27;91;"false"
303;"Archaimbaud";"Chocolate - Dark";85;39;31;71;"true"
304;"Guglielmo";"Bacardi Limon";13;77;36;16;"false"
305;"Yolane";"Alize Red Passion";92;90;42;61;"true"
306;"Malissia";"Soup - Campbells Chicken";100;77;32;30;"false"
307;"Marian";"Beans - Black Bean, Canned";57;58;29;67;"false"
308;"Burgess";"Cup - Translucent 7 Oz Clear";61;60;20;80;"false"
309;"Gianina";"Soupcontfoam16oz 116con";84;16;19;90;"false"
310;"Erica";"Water, Tap";41;15;66;36;"true"
311;"Teddi";"Salmon - Atlantic, Skin On";96;77;60;1;"true"
312;"Maurine";"Nut - Walnut, Pieces";28;79;19;87;"false"
313;"Aylmar";"Sprouts - Pea";37;94;84;45;"true"
314;"Erin";"Frangelico";7;75;30;78;"false"
315;"Ann-marie";"Tea - Herbal - 6 Asst";16;88;85;65;"false"
316;"Kristoffer";"Container - Clear 32 Oz";53;18;42;97;"true"
317;"Jorry";"Oven Mitts - 15 Inch";83;94;69;42;"true"
318;"Shelia";"Shallots";50;31;21;44;"true"
319;"Afton";"V8 Pet";13;8;43;18;"false"
320;"Margaret";"Wine - Chardonnay South";16;90;8;72;"true"
321;"Thomasine";"Pepper - Black, Whole";45;14;45;65;"false"
322;"Symon";"Pork - Ham, Virginia";5;58;48;95;"true"
323;"Adolpho";"Swiss Chard";67;18;91;22;"true"
324;"Babara";"Onions - White";97;45;65;47;"false"
325;"Keelby";"Sauce - Thousand Island";11;6;21;22;"false"
326;"Chas";"Carbonated Water - Blackcherry";20;47;17;44;"true"
327;"Amargo";"Blueberries - Frozen";69;25;57;76;"false"
328;"Engracia";"Cheese - Camembert";57;1;73;66;"false"
329;"Renate";"Wine - Sherry Dry Sack, William";27;99;70;49;"false"
330;"Roch";"Salt - Seasoned";76;32;22;23;"true"
331;"Benedikt";"Juice - Grape, White";88;68;35;69;"true"
332;"Chase";"Thyme - Dried";77;22;68;99;"true"
333;"Justen";"Chicken - Whole Roasting";90;52;21;7;"true"
334;"Etta";"Egg - Salad Premix";44;42;38;15;"true"
335;"Edeline";"Clams - Littleneck, Whole";15;91;12;72;"true"
336;"Neely";"Skewers - Bamboo";39;7;78;86;"true"
337;"Willetta";"Calypso - Lemonade";64;88;56;83;"true"
338;"Morgen";"Star Anise, Whole";46;70;84;54;"false"
339;"Hephzibah";"Arizona - Green Tea";94;88;34;83;"true"
340;"Von";"Veal - Kidney";47;64;36;65;"true"
341;"Hillyer";"Coffee Swiss Choc Almond";48;47;97;69;"true"
342;"Haley";"Wine - Chenin Blanc K.w.v.";95;37;26;92;"true"
343;"Cassius";"Chips Potato Swt Chilli Sour";85;51;86;3;"false"
344;"Izzy";"Bread - Olive Dinner Roll";96;90;19;91;"true"
345;"Juliet";"Contreau";42;71;34;91;"false"
346;"Maddi";"Chinese Foods - Chicken";31;36;50;50;"false"
347;"Eleanora";"Cleaner - Comet";90;18;78;79;"false"
348;"Christoforo";"Muffin Mix - Banana Nut";64;5;25;79;"true"
349;"Marianna";"Lotus Rootlets - Canned";79;65;16;1;"false"
350;"Elsworth";"Wine - Rhine Riesling Wolf Blass";84;94;2;70;"true"
351;"Darya";"Syrup - Monin, Amaretta";14;5;61;78;"true"
352;"Whit";"Octopus";47;79;90;67;"true"
353;"Wilhelmina";"Plasticspoonblack";39;78;17;6;"false"
354;"Euell";"Table Cloth 81x81 Colour";96;97;52;22;"true"
355;"Antonietta";"Chicken - Whole Fryers";56;62;51;30;"false"
356;"Eryn";"Bonito Flakes - Toku Katsuo";75;85;3;32;"true"
357;"Morey";"Wine - Beringer Founders Estate";37;5;22;28;"false"
358;"Edan";"Butter Ripple - Phillips";48;61;63;22;"false"
359;"Jean";"Beef - Flank Steak";64;100;67;53;"true"
360;"Emlyn";"Sugar - Individual Portions";77;63;86;94;"true"
361;"Ebonee";"Cheese - Brick With Pepper";28;70;29;48;"true"
362;"Flossie";"Wine - Delicato Merlot";42;19;46;81;"false"
363;"Harriett";"Cheese - St. Paulin";3;50;13;51;"false"
364;"Sheilakathryn";"Pastry - Chocolate Marble Tea";45;74;54;6;"false"
365;"Kain";"Beef - Flank Steak";8;39;91;80;"true"
366;"Cosme";"Pepper - Cubanelle";57;49;96;4;"false"
367;"Renato";"Honey - Comb";89;17;32;69;"false"
368;"Robbi";"Rum - Coconut, Malibu";10;54;65;85;"false"
369;"Zonnya";"Scallops 60/80 Iqf";87;79;85;62;"false"
370;"Sheppard";"Island Oasis - Pina Colada";21;10;29;100;"false"
371;"Vanya";"Sauce - Hollandaise";34;9;51;78;"true"
372;"Irene";"Veal - Ground";7;60;53;74;"false"
373;"Raimundo";"Bread - Olive Dinner Roll";16;26;6;23;"false"
374;"Aymer";"Soup - Knorr, French Onion";8;87;85;73;"true"
375;"Laraine";"Sauce - Gravy, Au Jus, Mix";75;20;71;42;"true"
376;"Myrvyn";"Glass Clear 8 Oz";59;27;83;6;"true"
377;"Giulia";"Kiwano";98;86;24;96;"true"
378;"Aili";"Bread - Pita, Mini";66;75;77;43;"false"
379;"Reinwald";"Clams - Canned";32;97;18;33;"true"
380;"Lane";"Cheese - Brie, Cups 125g";33;17;11;5;"true"
381;"Sean";"Cheese - Woolwich Goat, Log";47;83;55;99;"false"
382;"Cris";"Chivas Regal - 12 Year Old";56;83;72;17;"false"
383;"Ardith";"Plasticspoonblack";58;5;21;62;"false"
384;"Alexia";"Wine - Jafflin Bourgongone";41;76;15;8;"false"
385;"Stephanie";"Cleaner - Lime Away";18;53;30;60;"true"
386;"Annemarie";"Yogurt - French Vanilla";20;64;17;30;"true"
387;"Sallyanne";"Gherkin";5;26;21;77;"true"
388;"Feliza";"Nantucket - Pomegranate Pear";58;28;83;47;"true"
389;"Ermengarde";"Calypso - Pineapple Passion";35;43;81;95;"false"
390;"Colly";"Pasta - Elbows, Macaroni, Dry";10;35;45;15;"false"
391;"Sully";"Beef - Ground Lean Fresh";19;81;100;46;"false"
392;"Terrence";"Tart - Pecan Butter Squares";69;98;60;93;"false"
393;"Angy";"Pasta - Orecchiette";86;70;67;88;"true"
394;"Carmina";"Quail - Jumbo Boneless";78;37;5;55;"true"
395;"Pate";"Gatorade - Lemon Lime";33;50;49;52;"false"
396;"Erich";"Spaghetti Squash";70;90;41;71;"false"
397;"Ebenezer";"Wine - Manischewitz Concord";42;1;7;11;"true"
398;"Herve";"Pepper - Red, Finger Hot";30;73;85;8;"false"
399;"Sarah";"Tea - Jasmin Green";64;66;94;83;"true"
400;"Cobby";"Scallops - In Shell";30;48;39;23;"false"
401;"Colly";"Soup - Base Broth Chix";42;44;74;22;"false"
402;"Nicolea";"Breadfruit";80;58;10;98;"false"
403;"Suzanne";"Table Cloth 62x114 White";92;1;62;35;"true"
404;"Fredericka";"Pie Shell - 9";60;3;77;67;"true"
405;"Bern";"Pork Salted Bellies";19;72;28;63;"true"
406;"Leonie";"Ginger - Crystalized";29;15;15;67;"false"
407;"Wrennie";"Corn Shoots";24;4;43;71;"true"
408;"Perceval";"Pears - Anjou";51;29;75;63;"true"
409;"Danit";"Ecolab - Mikroklene 4/4 L";89;76;7;36;"false"
410;"Othella";"Cheese Cloth No 60";58;40;87;2;"false"
411;"Gail";"Beef - Ground, Extra Lean, Fresh";88;26;35;36;"true"
412;"Hamil";"Tart Shells - Savory, 4";12;44;72;61;"true"
413;"Derron";"Walkers Special Old Whiskey";66;65;96;93;"true"
414;"Sadie";"Bread - White, Sliced";4;65;20;75;"true"
415;"Persis";"Fish - Artic Char, Cold Smoked";36;82;27;33;"false"
416;"Hank";"Compound - Rum";28;75;22;6;"false"
417;"Colin";"Wine - Wyndham Estate Bin 777";70;93;20;41;"true"
418;"Alfonse";"Mushroom - Chanterelle Frozen";68;55;56;67;"false"
419;"Shanon";"Coffee - Dark Roast";61;35;23;94;"true"
420;"Christi";"Melon - Watermelon Yellow";96;75;4;60;"true"
421;"Ynez";"Compound - Strawberry";17;29;16;22;"false"
422;"Vitoria";"Wine - Taylors Reserve";28;74;49;50;"true"
423;"Sophie";"Bananas";77;71;13;93;"true"
424;"Remus";"Pasta - Shells, Medium, Dry";53;17;88;63;"false"
425;"Myrle";"Tart - Raisin And Pecan";22;48;52;100;"true"
426;"Babbie";"Peppercorns - Green";30;52;7;80;"true"
427;"Asher";"Eggs - Extra Large";35;71;29;65;"false"
428;"Elly";"Filter - Coffee";32;76;26;68;"true"
429;"Ilene";"Vegetable - Base";100;36;36;36;"false"
430;"Carole";"Jam - Marmalade, Orange";17;11;29;56;"true"
431;"Alyda";"Red Snapper - Fillet, Skin On";82;67;54;17;"true"
432;"Meridel";"Beef - Tender Tips";64;36;28;57;"false"
433;"Giraldo";"Jam - Raspberry,jar";100;79;80;73;"false"
434;"Basilio";"Table Cloth 54x72 White";15;12;91;39;"false"
435;"Vittorio";"Oil - Olive";57;36;50;62;"true"
436;"Konrad";"Cheese - La Sauvagine";33;17;89;94;"false"
437;"Fran";"Bar Mix - Lemon";67;81;99;33;"false"
438;"Rosalyn";"Apple - Royal Gala";33;72;75;16;"false"
439;"Daniele";"Apple - Fuji";93;39;29;11;"true"
440;"Janifer";"Salmon Steak - Cohoe 6 Oz";72;57;87;13;"false"
441;"Milt";"Truffle Shells - Semi - Sweet";70;3;23;85;"false"
442;"Abbie";"Lentils - Green, Dry";58;32;48;31;"false"
443;"Elia";"Lid - 16 Oz And 32 Oz";5;10;25;3;"true"
444;"Aeriel";"Pepper - Chili Powder";79;74;40;97;"false"
445;"Sibel";"Pork - Loin, Bone - In";91;17;66;24;"true"
446;"Malchy";"Chocolate - Pistoles, White";80;88;82;85;"true"
447;"Moe";"Pie Shell - 9";40;16;18;21;"true"
448;"Tamera";"Tortillas - Flour, 8";77;26;56;83;"false"
449;"Leeland";"Vinegar - Raspberry";54;93;38;64;"false"
450;"Trstram";"Pepper - Orange";16;88;27;50;"false"
451;"Upton";"Lamb - Pieces, Diced";22;58;18;34;"true"
452;"Kahlil";"Soup - Campbells Asian Noodle";65;36;44;13;"false"
453;"Kathlin";"Oil - Hazelnut";15;90;13;40;"true"
454;"Silva";"Pepper - Roasted Red";1;27;70;39;"true"
455;"Shurwood";"Wine - Red, Cooking";46;46;43;63;"false"
456;"Marthena";"Ginger - Crystalized";68;55;68;1;"false"
457;"Lea";"Tomato Puree";24;28;87;52;"true"
458;"Kip";"Beef - Diced";91;46;70;100;"false"
459;"Christy";"Sage Derby";66;59;73;96;"true"
460;"Kelcey";"Wood Chips - Regular";17;5;31;19;"true"
461;"Samara";"Halibut - Fletches";73;56;56;56;"false"
462;"Frances";"Soup Campbells Mexicali Tortilla";73;76;7;88;"false"
463;"Allys";"Chicken - Wieners";64;23;78;79;"true"
464;"Gifford";"Sping Loaded Cup Dispenser";14;5;52;29;"false"
465;"Nicki";"Island Oasis - Banana Daiquiri";84;66;14;21;"true"
466;"Sherilyn";"Gingerale - Schweppes, 355 Ml";73;62;17;40;"true"
467;"Mattheus";"White Fish - Filets";6;89;31;26;"false"
468;"Aeriell";"Vodka - Hot, Lnferno";88;73;74;67;"true"
469;"Ruttger";"Beer - True North Strong Ale";92;59;90;65;"true"
470;"Cecelia";"Bread - Crumbs, Bulk";96;76;31;45;"true"
471;"Derick";"Kiwano";99;96;58;38;"true"
472;"Felicio";"Wine - Gato Negro Cabernet";48;92;69;16;"true"
473;"Estrella";"Tortillas - Flour, 8";50;74;96;57;"true"
474;"Diandra";"Wine - Trimbach Pinot Blanc";52;62;86;14;"false"
475;"Fabe";"Duck - Whole";21;1;63;33;"true"
476;"Josephine";"Garam Masala Powder";46;84;11;34;"false"
477;"Kip";"Chicken - Tenderloin";60;55;31;8;"false"
478;"Dag";"Pasta - Bauletti, Chicken White";20;58;98;63;"false"
479;"Willie";"Chutney Sauce";85;49;7;23;"false"
480;"Tris";"Cake - Box Window 10x10x2.5";97;71;68;33;"true"
481;"Gradeigh";"Chicken - Wings, Tip Off";41;55;57;75;"false"
482;"Rea";"Longos - Lasagna Veg";93;28;46;28;"true"
483;"Teddie";"Flower - Dish Garden";14;38;65;17;"true"
484;"Zia";"Bagel - Ched Chs Presliced";84;89;59;92;"true"
485;"Harriott";"Nectarines";47;26;78;5;"false"
486;"Quillan";"Wine - Red, Lurton Merlot De";83;60;16;46;"false"
487;"Consolata";"Wild Boar - Tenderloin";40;28;47;49;"false"
488;"Bunni";"Alize Sunset";85;45;79;84;"false"
489;"Gilligan";"Cheese - La Sauvagine";82;9;97;67;"true"
490;"Bambi";"Soup Bowl Clear 8oz92008";89;69;44;32;"false"
491;"Fiorenze";"Shallots";93;46;56;6;"false"
492;"Roddy";"Iced Tea Concentrate";71;92;89;63;"true"
493;"Rip";"Bread Ww Cluster";20;90;44;86;"true"
494;"Kele";"Pastry - Carrot Muffin - Mini";30;50;17;90;"true"
495;"Rikki";"Laundry - Bag Cloth";36;83;98;41;"true"
496;"Wendeline";"Extract - Raspberry";72;62;75;48;"true"
497;"Marcus";"Veal - Eye Of Round";78;80;41;60;"false"
498;"Vickie";"Chicken - White Meat, No Tender";8;100;8;80;"true"
499;"Humphrey";"Daves Island Stinger";56;2;29;19;"true"
500;"Bliss";"Honey - Comb";89;62;11;33;"false"
501;"Artemis";"Pork - Suckling Pig";60;99;18;37;"true"
502;"Helaine";"Pasta - Lasagna, Dry";65;53;12;41;"true"
503;"Sinclair";"Burger Veggie";89;98;19;95;"false"
504;"Aubrie";"Beans - Black Bean, Preserved";23;58;71;99;"true"
505;"Kenton";"Wine - White, Lindemans Bin 95";39;39;25;39;"true"
506;"Susan";"Milkettes - 2%";20;95;73;28;"true"
507;"Dena";"Bread - Multigrain";84;12;47;12;"false"
508;"Dacie";"Pineapple - Regular";44;81;83;15;"true"
509;"Carson";"Cheese - St. Andre";87;61;71;1;"true"
510;"Gerry";"Pail With Metal Handle 16l White";51;35;28;64;"true"
511;"Merissa";"Bread - Focaccia Quarter";75;78;18;57;"false"
512;"Correy";"Appetizer - Mini Egg Roll, Shrimp";85;62;9;15;"true"
513;"Christiana";"Longos - Greek Salad";47;88;99;47;"false"
514;"Phaedra";"Wine - Mas Chicet Rose, Vintage";64;80;1;68;"true"
515;"Worthington";"Berry Brulee";42;24;19;80;"true"
516;"Gisele";"Leeks - Baby, White";11;40;77;53;"true"
517;"Rayna";"Pepper - Red Chili";43;52;51;54;"true"
518;"Donia";"Scallops - 10/20";59;43;16;50;"false"
519;"Niels";"Chocolate - Pistoles, Lactee, Milk";24;94;86;39;"true"
520;"Curran";"Coffee - Decaffeinato Coffee";84;64;39;35;"true"
521;"Sherman";"Honey - Comb";9;86;18;19;"false"
522;"Ernaline";"Cheese - Goat With Herbs";9;93;70;28;"false"
523;"Sheffie";"Salmon Steak - Cohoe 6 Oz";25;100;88;51;"true"
524;"Carroll";"Sauerkraut";9;18;52;68;"false"
525;"Merilyn";"Soup - Canadian Pea, Dry Mix";97;39;13;100;"false"
526;"Joelly";"Apple - Northern Spy";46;82;35;84;"false"
527;"Giovanna";"Flour - Buckwheat, Dark";82;42;99;57;"true"
528;"Wilone";"Mints - Striped Red";68;3;79;95;"false"
529;"Doria";"Seedlings - Clamshell";65;46;5;55;"false"
530;"Alvera";"Soup Campbells";61;54;35;71;"true"
531;"Salomone";"Eel Fresh";24;83;21;72;"true"
532;"Rabi";"Sauerkraut";77;100;50;44;"true"
533;"Cari";"Salt - Seasoned";52;82;80;9;"true"
534;"Jordain";"Mayonnaise";46;100;98;26;"true"
535;"Sanders";"Chips - Potato Jalapeno";88;96;40;36;"false"
536;"Aggie";"Foam Tray S2";90;74;1;76;"true"
537;"Jobyna";"Mushroom Morel Fresh";20;31;96;78;"true"
538;"Gustavus";"Duck - Breast";95;75;4;79;"true"
539;"Rosabelle";"Slt - Individual Portions";11;40;41;90;"true"
540;"Aurora";"Extract - Almond";62;79;22;9;"true"
541;"Edgardo";"Mini - Vol Au Vents";28;73;13;50;"true"
542;"Gaspard";"Kellogs Special K Cereal";96;83;40;82;"false"
543;"Hedwig";"Container - Clear 32 Oz";25;75;19;77;"true"
544;"Loni";"Wine - Red, Gallo, Merlot";8;15;6;34;"false"
545;"Luce";"Quail - Whole, Bone - In";49;60;70;11;"false"
546;"Carina";"Mousse - Passion Fruit";87;87;48;31;"false"
547;"Kristien";"Milk - Chocolate 500ml";75;49;65;47;"true"
548;"Jobey";"Ecolab - Solid Fusion";93;99;57;14;"true"
549;"Stafford";"Carbonated Water - Peach";8;38;85;61;"true"
550;"Storm";"Beef - Top Butt Aaa";39;20;60;94;"true"
551;"Steve";"Cod - Fillets";52;28;54;86;"false"
552;"Irene";"Wine - Red, Lurton Merlot De";66;73;7;35;"true"
553;"Janaya";"Chef Hat 20cm";18;54;40;48;"false"
554;"Vinny";"Ice Cream - Life Savers";54;52;56;13;"false"
555;"Rufe";"Puree - Blackcurrant";81;86;66;40;"false"
556;"Shaylynn";"Venison - Denver Leg Boneless";70;1;54;86;"false"
557;"Shea";"Cream - 10%";73;60;1;40;"true"
558;"Vinny";"Soda Water - Club Soda, 355 Ml";77;22;100;32;"true"
559;"Dore";"Wine - Sauvignon Blanc";8;19;46;47;"false"
560;"Baryram";"Shrimp - 21/25, Peel And Deviened";47;63;17;26;"true"
561;"Salomon";"Nut - Hazelnut, Ground, Natural";92;62;33;16;"true"
562;"Annelise";"Seabream Whole Farmed";64;85;71;12;"false"
563;"Delora";"Ice Cream - Fudge Bars";18;74;34;13;"false"
564;"Torr";"Kiwano";9;59;99;24;"false"
565;"Dur";"Pear - Prickly";49;32;92;52;"true"
566;"Anderson";"Ice Cream Bar - Oreo Sandwich";69;9;37;79;"true"
567;"Cullen";"Flower - Carnations";40;25;5;27;"true"
568;"Vincent";"Chinese Foods - Plain Fried Rice";94;33;46;41;"false"
569;"Morgen";"Star Fruit";37;90;95;64;"true"
570;"Lyndell";"Cheese - Cheddarsliced";47;3;52;57;"true"
571;"Gaven";"Wine - Muscadet Sur Lie";79;16;45;27;"false"
572;"Burch";"Soup - Campbells Chili Veg";50;82;70;2;"true"
573;"Marcela";"Cod - Fillets";80;41;7;67;"false"
574;"Vale";"Food Colouring - Orange";24;23;25;87;"false"
575;"Silvester";"Relish";82;100;79;33;"false"
576;"Finley";"Pepper - Jalapeno";97;36;41;99;"false"
577;"Gunter";"Juice - Propel Sport";76;48;21;26;"true"
578;"Nelly";"Sour Puss Raspberry";13;21;76;30;"true"
579;"Keene";"English Muffin";28;1;1;37;"false"
580;"Morry";"Versatainer Nc - 9388";24;93;59;46;"false"
581;"Gwenore";"Wine - Barossa Valley Estate";7;40;28;52;"true"
582;"Yetty";"Cattail Hearts";5;63;24;35;"false"
583;"Brooke";"Lettuce - Sea / Sea Asparagus";11;97;81;28;"false"
584;"Tann";"Ice Cream Bar - Oreo Sandwich";82;63;37;50;"false"
585;"Dorena";"Eggplant - Baby";100;13;40;6;"false"
586;"Allegra";"Vector Energy Bar";34;11;97;91;"false"
587;"Abbott";"Veal - Loin";37;55;58;69;"false"
588;"Germaine";"Pepperoni Slices";90;48;78;12;"false"
589;"Emili";"Shiro Miso";90;31;65;89;"true"
590;"Drake";"Egg Patty Fried";17;45;22;14;"true"
591;"Sullivan";"Tuna - Salad Premix";21;5;32;51;"false"
592;"Otis";"Carrots - Jumbo";76;93;77;28;"false"
593;"Chandal";"Gelatine Powder";83;74;40;69;"false"
594;"Joli";"Rice - Brown";21;27;90;22;"true"
595;"Kacy";"Mushroom - Oyster, Fresh";49;40;43;86;"false"
596;"Silvano";"Danishes - Mini Cheese";68;85;73;77;"true"
597;"Vail";"Triple Sec - Mcguinness";84;15;68;2;"true"
598;"Andie";"Bread Sour Rolls";61;90;19;47;"false"
599;"Claus";"Duck - Legs";78;56;96;85;"true"
600;"Rosalyn";"Nantucket Orange Juice";81;4;45;73;"true"
601;"Diana";"Magnotta - Bel Paese White";90;76;20;38;"true"
602;"Boyd";"Veal - Inside Round / Top, Lean";35;13;29;59;"true"
603;"Cherise";"Juice - Clamato, 341 Ml";42;1;37;35;"true"
604;"Eduard";"Ice Cream - Turtles Stick Bar";50;59;22;99;"false"
605;"Adam";"Cleaner - Comet";73;67;20;74;"true"
606;"Meade";"Squash - Pattypan, Yellow";6;52;31;7;"true"
607;"Lolly";"Extract Vanilla Pure";64;92;63;69;"true"
608;"Bartholomeus";"Honey - Comb";57;56;47;36;"true"
609;"Far";"Rosemary - Primerba, Paste";47;75;18;79;"false"
610;"Griselda";"Beef - Montreal Smoked Brisket";100;17;69;40;"true"
611;"Harrison";"Longos - Cheese Tortellini";79;20;99;63;"false"
612;"Alika";"Chips - Miss Vickies";64;63;37;7;"true"
613;"Selby";"Wine - Casillero Del Diablo";69;12;37;33;"true"
614;"Filide";"The Pop Shoppe Pinapple";45;43;30;77;"false"
615;"Cinnamon";"Lentils - Green Le Puy";95;15;98;74;"false"
616;"Ingar";"Cakes Assorted";64;64;88;25;"true"
617;"Jackson";"Sping Loaded Cup Dispenser";77;91;33;22;"true"
618;"Joana";"Lamb - Racks, Frenched";87;41;55;40;"true"
619;"Engelbert";"Table Cloth 90x90 Colour";42;66;95;57;"false"
620;"Susette";"Cream - 35%";55;30;13;52;"false"
621;"Andre";"Juice - Pineapple, 341 Ml";16;98;35;55;"false"
622;"Rebecca";"Pastry - Key Limepoppy Seed Tea";28;71;67;72;"true"
623;"Ahmad";"Cheese - Brie Roitelet";44;97;28;27;"true"
624;"Dag";"Capon - Breast, Wing On";70;97;65;21;"true"
625;"Abel";"Sauce - Black Current, Dry Mix";87;87;76;1;"false"
626;"Brier";"Spice - Onion Powder Granulated";33;58;99;64;"true"
627;"Chauncey";"Bread - Crusty Italian Poly";63;82;32;8;"false"
628;"Sholom";"Eggplant - Regular";75;13;29;28;"false"
629;"Jodie";"Sprouts - China Rose";3;31;40;10;"false"
630;"Mary";"Foil - 4oz Custard Cup";16;89;86;31;"false"
631;"Theressa";"Chips - Potato Jalapeno";84;19;80;2;"true"
632;"Hewett";"Allspice - Jamaican";32;90;69;87;"false"
633;"Rees";"Juice - Tomato, 48 Oz";10;85;47;96;"false"
634;"Cari";"Jerusalem Artichoke";11;86;30;4;"false"
635;"Jerry";"Vinegar - Tarragon";25;29;56;94;"true"
636;"Andreas";"Juice - Orange";16;25;85;26;"true"
637;"Patric";"Salmon - Atlantic, Skin On";83;79;18;64;"true"
638;"Darn";"Sugar - Palm";29;74;77;81;"true"
639;"Daloris";"Pepper - Sorrano";3;22;40;31;"false"
640;"Nataniel";"Ice - Clear, 300 Lb For Carving";96;68;27;8;"true"
641;"Becka";"Table Cloth 62x114 Colour";6;99;59;82;"true"
642;"Cathe";"Stock - Beef, White";99;13;33;32;"true"
643;"Raphael";"Chocolate - Sugar Free Semi Choc";95;64;26;82;"true"
644;"Krystalle";"Stock - Veal, White";79;100;4;68;"false"
645;"Jackquelin";"Ginger - Crystalized";80;3;37;71;"true"
646;"Augustine";"Chocolate - Milk";26;80;14;22;"false"
647;"Burnard";"Salt - Seasoned";49;37;8;6;"true"
648;"Rip";"Muffin Batt - Ban Dream Zero";13;100;15;48;"false"
649;"Nicki";"Cheese - Cheddar, Old White";80;88;66;5;"true"
650;"Philomena";"Flower - Dish Garden";81;62;94;61;"true"
651;"Pansie";"Alize Red Passion";61;96;42;69;"true"
652;"Clint";"Muffin Puck Ww Carrot";3;6;61;34;"false"
653;"Kristina";"Eggwhite Frozen";62;93;35;9;"false"
654;"Dido";"Pear - Halves";31;22;37;76;"false"
655;"Paddie";"Tuna - Sushi Grade";20;71;74;78;"true"
656;"Cull";"Bandage - Fexible 1x3";96;26;14;6;"true"
657;"Ivett";"Sprouts - Brussel";14;38;39;78;"false"
658;"Siouxie";"Fish - Atlantic Salmon, Cold";41;19;77;1;"false"
659;"Domingo";"Bols Melon Liqueur";37;96;59;5;"false"
660;"Mikael";"Chicken Thigh - Bone Out";91;69;15;26;"true"
661;"Jori";"Bread - Bistro Sour";48;100;45;5;"true"
662;"Jarrad";"V8 Splash Strawberry Kiwi";7;93;97;39;"true"
663;"Anallese";"Oil - Sesame";3;32;79;31;"true"
664;"Beniamino";"Breakfast Quesadillas";97;49;7;89;"false"
665;"Kirstin";"Table Cloth - 53x69 Colour";86;56;17;66;"false"
666;"Shirley";"Mushroom - Portebello";81;97;28;90;"false"
667;"Quentin";"Clams - Canned";87;34;3;2;"true"
668;"Nap";"Garbage Bags - Black";30;93;47;70;"true"
669;"Fair";"Bread - Wheat Baguette";87;52;46;76;"false"
670;"Judon";"Ecolab - Power Fusion";72;95;23;61;"false"
671;"Dacia";"Hog / Sausage Casing - Pork";81;1;14;40;"false"
672;"Shermie";"Juice - Orange 1.89l";48;27;69;72;"true"
673;"Doretta";"Butter Ripple - Phillips";70;24;76;91;"false"
674;"Graeme";"Onions - Green";57;19;30;57;"false"
675;"Janelle";"Artichokes - Knobless, White";11;6;31;52;"true"
676;"Carissa";"Smoked Tongue";3;67;83;41;"false"
677;"Mellisa";"Squid Ink";47;87;8;38;"true"
678;"Genevra";"Chicken - Leg, Boneless";3;80;78;44;"true"
679;"Jayne";"Water - Spring Water, 355 Ml";95;41;56;26;"true"
680;"Angel";"Muffins - Assorted";23;41;11;52;"true"
681;"Mose";"Onions - Vidalia";76;49;17;69;"false"
682;"Aimee";"Icecream - Dstk Strw Chseck";89;95;43;54;"false"
683;"Alejoa";"Beef Wellington";56;38;39;89;"false"
684;"Eleni";"Appetizer - Southwestern";59;83;97;1;"false"
685;"Glynn";"Wine - Semi Dry Riesling Vineland";90;52;84;85;"true"
686;"Lela";"Lidsoupcont Rp12dn";31;26;43;32;"true"
687;"Willie";"Blouse / Shirt / Sweater";65;79;14;16;"true"
688;"Bertram";"Veal - Loin";9;37;17;38;"false"
689;"Luce";"Veal - Nuckle";39;27;65;62;"false"
690;"Lila";"Bread - Mini Hamburger Bun";27;69;24;99;"true"
691;"Haley";"Currants";90;88;28;47;"false"
692;"Kiah";"Canadian Emmenthal";56;16;37;24;"true"
693;"Christoffer";"Chicken - Leg / Back Attach";10;56;21;10;"false"
694;"Nevins";"Compound - Mocha";55;79;85;75;"false"
695;"Othella";"Wine - Domaine Boyar Royal";53;37;80;79;"false"
696;"Pryce";"Chocolate - Chips Compound";29;62;45;38;"false"
697;"Rob";"Plate Foam Laminated 9in Blk";85;24;29;6;"true"
698;"Nadia";"Capers - Pickled";37;97;35;75;"false"
699;"Shanda";"Wine - Port Late Bottled Vintage";31;22;25;39;"false"
700;"Madelina";"Tomatoes - Diced, Canned";25;1;18;57;"false"
701;"Eduardo";"Nori Sea Weed";17;58;35;63;"false"
702;"Odella";"Cheese - Valancey";31;100;95;7;"false"
703;"Nels";"Doilies - 8, Paper";21;61;34;21;"true"
704;"Shannan";"Cheese - Ricotta";48;92;34;79;"true"
705;"Mahmoud";"Coffee - Frthy Coffee Crisp";92;44;42;25;"false"
706;"Faustine";"Kellogs Special K Cereal";37;70;11;72;"false"
707;"Gabriello";"Rum - Spiced, Captain Morgan";67;12;75;52;"false"
708;"El";"Initation Crab Meat";12;91;62;54;"false"
709;"Werner";"Star Anise, Whole";29;21;35;68;"true"
710;"Maurizia";"Bread - Kimel Stick Poly";72;37;41;99;"false"
711;"Jarib";"Foam Cup 6 Oz";96;59;43;31;"true"
712;"Roslyn";"Passion Fruit";88;83;10;73;"false"
713;"Nilson";"Cheese - Mozzarella";81;51;94;86;"true"
714;"Gypsy";"Milk - Homo";29;84;6;82;"true"
715;"Marleah";"Cheese - Comtomme";7;91;78;41;"false"
716;"Burke";"Lemon Pepper";39;31;54;20;"false"
717;"Lilian";"Cookie Dough - Oatmeal Rasin";80;99;75;68;"true"
718;"Delilah";"Muffin Mix - Lemon Cranberry";65;64;62;12;"true"
719;"Jacenta";"Spice - Chili Powder Mexican";21;54;82;51;"true"
720;"Nada";"Salt - Seasoned";27;19;67;20;"true"
721;"Becki";"Tomatoes - Hot House";81;94;28;73;"true"
722;"Gavan";"Piping - Bags Quizna";54;27;97;52;"false"
723;"Preston";"Puree - Passion Fruit";5;19;98;46;"true"
724;"Jordain";"Bread - Olive Dinner Roll";22;87;93;40;"false"
725;"Sophia";"Gatorade - Orange";100;50;89;68;"false"
726;"Claudian";"Wine - Red, Black Opal Shiraz";13;72;66;95;"false"
727;"Tara";"Mushroom - Chantrelle, Fresh";65;73;48;38;"false"
728;"Kamila";"Brandy Apricot";99;29;17;16;"false"
729;"Paloma";"Milk - 1%";2;83;13;27;"true"
730;"Barnebas";"Tea Peppermint";24;40;88;40;"true"
731;"Isak";"Sauce - Bernaise, Mix";4;43;92;9;"true"
732;"Gustav";"Wine - Charddonnay Errazuriz";87;52;38;67;"true"
733;"Dulcea";"Glove - Cutting";98;11;11;19;"true"
734;"Kienan";"Cheese - Gouda Smoked";75;37;30;6;"true"
735;"Leigh";"Fenngreek Seed";6;73;48;43;"true"
736;"Sofia";"Pastry - Butterscotch Baked";87;41;21;77;"false"
737;"Catarina";"Onions - Red";48;22;75;70;"true"
738;"Mohandis";"Star Fruit";65;72;66;2;"true"
739;"Gregory";"Guinea Fowl";98;1;50;39;"false"
740;"Toby";"Lamb - Leg, Boneless";95;44;52;26;"true"
741;"Rene";"Ginger - Ground";68;36;4;97;"false"
742;"Donnell";"Pepper - Chipotle, Canned";84;44;63;79;"true"
743;"Tristan";"Bread - White, Unsliced";90;19;51;67;"false"
744;"Valerye";"Carrots - Purple, Organic";52;95;27;23;"true"
745;"Barby";"Mousse - Passion Fruit";25;20;65;97;"false"
746;"Nikita";"Onions - Red Pearl";28;33;78;24;"false"
747;"Laughton";"Chambord Royal";41;9;80;24;"false"
748;"Lev";"Kaffir Lime Leaves";70;7;4;50;"true"
749;"Montague";"Venison - Striploin";38;9;59;57;"true"
750;"Carolann";"Crab - Dungeness, Whole, live";61;86;80;2;"false"
751;"Goddart";"Soupcontfoam16oz 116con";94;47;18;84;"true"
752;"Bradly";"Soup - Knorr, Chicken Gumbo";91;8;3;93;"true"
753;"Lianna";"Pancetta";43;87;19;90;"false"
754;"Immanuel";"Lychee - Canned";18;4;91;25;"false"
755;"Tremain";"Wine - White, Cooking";32;28;34;93;"false"
756;"Rennie";"Coconut - Creamed, Pure";74;15;60;19;"true"
757;"Wallis";"Tomato Puree";81;92;99;33;"false"
758;"Rana";"Cheese - Mozzarella, Shredded";86;71;81;49;"true"
759;"Rosene";"Chicken - Wieners";29;29;80;77;"false"
760;"Packston";"Wine - White, Lindemans Bin 95";96;6;3;40;"false"
761;"Jena";"Water - Mineral, Carbonated";92;57;66;55;"false"
762;"Terrie";"Tea - Herbal I Love Lemon";49;66;29;55;"true"
763;"Carline";"Creme De Cacao White";100;63;57;53;"true"
764;"Avery";"Juice - Happy Planet";69;48;38;41;"false"
765;"Sophey";"Beer - Pilsner Urquell";93;35;6;93;"true"
766;"Sascha";"Bok Choy - Baby";55;4;97;95;"false"
767;"Ailis";"Pork - Bacon,back Peameal";83;77;62;78;"false"
768;"Chelsy";"Wine - Red, Mosaic Zweigelt";44;20;68;30;"false"
769;"Pepillo";"Wasabi Paste";80;56;13;55;"true"
770;"Tobi";"Cheese - Brie";43;47;96;66;"true"
771;"Virgil";"Pork - Kidney";79;2;6;22;"true"
772;"Waylen";"Tea - Decaf Lipton";88;6;11;71;"false"
773;"Lemar";"Trout - Rainbow, Fresh";21;57;47;43;"true"
774;"Radcliffe";"Cheese - Brie, Cups 125g";6;43;42;49;"false"
775;"Leisha";"Garlic - Primerba, Paste";17;35;54;45;"false"
776;"Wylma";"Salt And Pepper Mix - White";81;76;98;39;"false"
777;"Wakefield";"Puree - Raspberry";9;57;34;66;"false"
778;"Dominique";"Table Cloth 62x120 White";65;2;10;6;"true"
779;"Lucais";"Cake - Miini Cheesecake Cherry";63;72;9;76;"false"
780;"Husein";"Lemonade - Natural, 591 Ml";54;79;59;91;"true"
781;"Erhard";"Sour Puss Sour Apple";92;19;90;48;"true"
782;"Elvira";"Bouillion - Fish";98;30;64;57;"true"
783;"Tades";"Apple - Delicious, Golden";50;54;64;39;"false"
784;"Rustin";"Wine - Kwv Chenin Blanc South";41;83;97;28;"false"
785;"Natka";"Muffin - Mix - Mango Sour Cherry";23;22;52;71;"true"
786;"Myrle";"Juice - Clamato, 341 Ml";12;59;37;64;"false"
787;"Yetta";"Tea - Herbal I Love Lemon";3;86;25;12;"false"
788;"Field";"Asparagus - Green, Fresh";73;77;24;56;"true"
789;"Ricki";"Vermouth - White, Cinzano";30;49;25;89;"false"
790;"Bordy";"Mushroom - Chantrelle, Fresh";96;13;52;37;"true"
791;"Richmond";"Sausage - Liver";65;11;21;55;"false"
792;"Lowell";"Veal - Nuckle";67;20;60;100;"false"
793;"Witty";"Ham - Cooked Bayonne Tinned";5;20;18;21;"false"
794;"Maren";"Garam Marsala";6;36;51;85;"false"
795;"Leone";"Coffee Swiss Choc Almond";60;26;3;30;"true"
796;"Willard";"Beef - Cooked, Corned";83;59;75;60;"false"
797;"Adams";"Salt - Kosher";49;5;47;34;"true"
798;"Jase";"Chickhen - Chicken Phyllo";37;29;59;94;"false"
799;"Daisie";"Tea Peppermint";100;8;83;71;"false"
800;"Delano";"Wine - Spumante Bambino White";100;88;34;33;"false"
801;"Suellen";"Higashimaru Usukuchi Soy";15;26;83;61;"true"
802;"Ingrim";"Oil - Avocado";88;94;58;93;"false"
803;"Natividad";"Bag - Bread, White, Plain";7;32;38;73;"false"
804;"Nealson";"Container - Hngd Cll Blk 7x7x3";49;83;14;13;"false"
805;"Sol";"Squeeze Bottle";61;90;41;16;"true"
806;"Adoree";"Skewers - Bamboo";84;32;63;73;"true"
807;"Gianina";"Beef Dry Aged Tenderloin Aaa";80;77;6;91;"true"
808;"Rudolfo";"Bread - Dark Rye";16;66;33;16;"true"
809;"Lisette";"Sugar - Fine";24;90;70;42;"false"
810;"Carmelle";"Squash - Sunburst";74;99;64;48;"false"
811;"Law";"Vinegar - White";78;62;29;87;"true"
812;"Lisabeth";"Beef Ground Medium";30;94;98;52;"false"
813;"George";"Rice - Aborio";81;53;43;76;"true"
814;"Gray";"Crawfish";43;56;42;37;"true"
815;"Coralie";"Soup - Campbellschix Stew";27;23;81;83;"true"
816;"Adamo";"Foil - Round Foil";29;78;9;46;"true"
817;"Jere";"Muffin Mix - Lemon Cranberry";97;22;67;53;"true"
818;"Gena";"Bread - Rolls, Corn";20;87;61;61;"true"
819;"Laird";"Beer - Tetleys";92;98;34;28;"false"
820;"Tiffy";"Hog / Sausage Casing - Pork";22;81;25;52;"true"
821;"Ulla";"Meldea Green Tea Liquor";23;43;25;96;"true"
822;"Klaus";"Cheese - Cambozola";42;32;79;25;"true"
823;"Adolphe";"Soup - Campbells Beef Noodle";39;55;32;19;"true"
824;"Shandee";"Bay Leaf Fresh";79;41;28;24;"false"
825;"Cherey";"Onions - Spanish";69;70;32;53;"true"
826;"Mikey";"Cheese - Colby";19;90;26;95;"false"
827;"Idette";"Milk - Homo";91;47;52;38;"false"
828;"Elena";"Napkin - Beverge, White 2 - Ply";54;53;19;70;"true"
829;"Pincas";"Wine - Rioja Campo Viejo";95;6;32;7;"true"
830;"Zerk";"Pumpkin";40;84;7;98;"true"
831;"Bessie";"Cheese - Sheep Milk";42;86;54;98;"true"
832;"Udell";"Cheese - Brick With Pepper";24;64;94;86;"true"
833;"Amalea";"Lid - High Heat, Super Clear";55;21;91;34;"false"
834;"Sam";"Cake Circle, Foil, Scallop";54;33;21;35;"true"
835;"Meridel";"Soup - Campbells Beef Noodle";16;87;65;26;"false"
836;"Sara";"Samosa - Veg";44;16;16;74;"false"
837;"Morten";"Oranges - Navel, 72";88;9;12;91;"true"
838;"Berne";"Crush - Cream Soda";53;76;39;87;"true"
839;"Adolphus";"Veal - Brisket, Provimi, Bone - In";23;42;55;96;"false"
840;"Rani";"Wine - Mas Chicet Rose, Vintage";23;80;19;83;"true"
841;"Antoinette";"Cookie Dough - Chunky";23;12;17;61;"false"
842;"Miles";"Wine - Coteaux Du Tricastin Ac";4;12;56;36;"false"
843;"Mathew";"Cheese - Grana Padano";21;52;10;17;"true"
844;"Van";"Soup - Tomato Mush. Florentine";54;75;86;86;"true"
845;"Inez";"Bread - Bagels, Mini";73;54;69;32;"true"
846;"Nathan";"Island Oasis - Wildberry";62;48;87;19;"true"
847;"Brunhilda";"Nantucket Pine Orangebanana";28;10;23;72;"true"
848;"Bryon";"Whmis - Spray Bottle Trigger";57;36;13;42;"true"
849;"Arabella";"Truffle Cups - White Paper";86;19;79;82;"false"
850;"Alessandro";"Lotus Root";65;12;37;20;"false"
851;"Debra";"Cheese - Gorgonzola";9;60;57;100;"true"
852;"Sammy";"Plasticforkblack";7;22;21;71;"true"
853;"Zebulen";"Phyllo Dough";21;93;53;89;"false"
854;"Cloris";"Wine - Ice Wine";41;3;69;97;"false"
855;"Petr";"Sugar Thermometer";8;61;12;97;"true"
856;"Aloysia";"Rolled Oats";89;86;63;97;"true"
857;"Gale";"Mint - Fresh";56;46;25;53;"true"
858;"Clementia";"Puree - Strawberry";92;18;89;89;"false"
859;"Titus";"Sesame Seed";12;94;37;90;"true"
860;"Margot";"Cheese - Provolone";96;69;68;72;"false"
861;"Jolene";"Beef Striploin Aaa";96;59;58;76;"false"
862;"Maureene";"Grand Marnier";82;32;61;92;"true"
863;"Spence";"Rabbit - Whole";76;44;30;74;"false"
864;"Rivi";"Beef - Shank";18;20;99;43;"false"
865;"Ashly";"Almonds Ground Blanched";8;81;65;89;"false"
866;"Rivy";"Pasta - Bauletti, Chicken White";20;11;13;72;"true"
867;"Hana";"Salt And Pepper Mix - White";54;50;40;54;"true"
868;"Orville";"Monkfish - Fresh";56;96;77;86;"true"
869;"Jeanie";"Pasta - Shells, Medium, Dry";21;67;20;58;"false"
870;"Markus";"Basil - Thai";84;19;80;66;"false"
871;"Preston";"Cup - 3.5oz, Foam";83;3;65;7;"true"
872;"Marleah";"Sauce - Thousand Island";23;50;17;37;"false"
873;"Angie";"Wine - Sawmill Creek Autumn";87;31;89;48;"true"
874;"Ellary";"Wine - Barbera Alba Doc 2001";52;60;94;23;"false"
875;"Milli";"Bread - Mini Hamburger Bun";28;99;12;11;"false"
876;"Agatha";"Curry Paste - Madras";27;66;12;25;"true"
877;"Jessa";"Bandage - Finger Cots";95;99;34;31;"true"
878;"Hunt";"Salt And Pepper Mix - Black";88;40;37;93;"true"
879;"Fredric";"Potatoes - Idaho 100 Count";38;98;89;77;"false"
880;"Leeland";"Rice - Basmati";71;35;61;2;"false"
881;"Sibella";"Muffin - Bran Ind Wrpd";85;57;85;35;"false"
882;"Bob";"Wiberg Super Cure";23;92;89;97;"false"
883;"Mechelle";"Wine - Baron De Rothschild";69;26;81;37;"false"
884;"Dallis";"Cheese - Goat";41;35;75;10;"true"
885;"Rochella";"Turnip - White, Organic";93;37;21;87;"false"
886;"Tabbi";"Ginger - Fresh";50;38;76;92;"false"
887;"Cecil";"Energy Drink Red Bull";91;35;86;58;"true"
888;"Bron";"Dry Ice";83;86;45;37;"true"
889;"Whittaker";"Couscous";24;6;82;23;"true"
890;"Penelopa";"Grapes - Red";18;89;33;100;"true"
891;"Claudelle";"Soup - Campbells Broccoli";28;23;56;42;"false"
892;"Roddy";"Ezy Change Mophandle";60;65;49;29;"true"
893;"Ashbey";"Pickle - Dill";42;22;51;69;"true"
894;"Karlotte";"Flour - Rye";100;43;48;91;"false"
895;"Zoe";"Swiss Chard - Red";52;37;90;92;"true"
896;"Bran";"Rosemary - Fresh";59;96;5;96;"false"
897;"Tedman";"Roe - Lump Fish, Red";6;76;32;94;"false"
898;"Sisely";"Vinegar - Rice";79;20;66;20;"false"
899;"Forster";"Wine - Magnotta, White";87;95;71;9;"true"
900;"Adriaens";"Wine - Casablanca Valley";33;41;97;17;"true"
901;"Dare";"Beef - Tenderlion, Center Cut";69;39;49;66;"false"
902;"Nolan";"Ginger - Fresh";13;74;38;45;"true"
903;"Henrietta";"Juice - Grape, White";61;14;46;77;"false"
904;"Alyosha";"Cake - Box Window 10x10x2.5";24;59;31;60;"true"
905;"Carin";"Ecolab - Hobart Washarm End Cap";10;95;27;9;"true"
906;"Malory";"Salmon - Atlantic, Fresh, Whole";46;53;59;17;"false"
907;"Merl";"Truffle - Peelings";77;53;92;63;"false"
908;"Elora";"Salt - Seasoned";57;87;75;54;"true"
909;"Eleanora";"Sauce - Roasted Red Pepper";6;70;35;57;"true"
910;"Isador";"Soup - Chicken And Wild Rice";46;92;19;55;"true"
911;"Pamella";"Bread - Crusty Italian Poly";82;89;84;26;"true"
912;"Norri";"Chambord Royal";54;72;48;21;"false"
913;"Selestina";"Cleaner - Pine Sol";69;12;53;24;"true"
914;"Sheri";"Rum - White, Gg White";56;11;80;11;"true"
915;"Darsey";"Muffin Carrot - Individual";32;13;96;61;"true"
916;"Elise";"Oil - Canola";92;19;24;81;"true"
917;"Ricki";"Soup Knorr Chili With Beans";7;74;86;47;"false"
918;"Reeva";"Scallop - St. Jaques";17;79;91;63;"true"
919;"Laraine";"True - Vue Containers";80;18;69;69;"true"
920;"Deanne";"Sage - Fresh";91;38;53;45;"true"
921;"Benny";"Beer - Mcauslan Apricot";42;56;7;91;"true"
922;"Guillermo";"Mushroom Morel Fresh";19;80;96;53;"true"
923;"Emlyn";"Oregano - Dry, Rubbed";9;88;8;32;"true"
924;"Walther";"Compound - Pear";19;95;2;17;"false"
925;"Pammi";"Veal - Eye Of Round";55;27;60;66;"true"
926;"Sydney";"Ostrich - Prime Cut";16;95;32;10;"true"
927;"Elizabet";"Ecolab Digiclean Mild Fm";20;98;46;53;"true"
928;"Idelle";"Yogurt - Plain";31;29;40;4;"true"
929;"Ferdie";"Fib N9 - Prague Powder";14;35;48;10;"true"
930;"Brooke";"Pasta - Spaghetti, Dry";32;39;26;82;"true"
931;"Demetra";"Propel Sport Drink";3;27;75;24;"true"
932;"Heall";"Appetiser - Bought";95;25;45;73;"true"
933;"Irena";"Vanilla Beans";25;45;81;53;"false"
934;"Teresa";"Muffin Orange Individual";97;36;99;36;"false"
935;"Viole";"Chilli Paste, Hot Sambal Oelek";85;35;28;70;"false"
936;"Thornton";"Lettuce - Mini Greens, Whole";32;67;82;98;"false"
937;"Viv";"Curry Paste - Madras";33;51;56;17;"false"
938;"Cybil";"Chips - Miss Vickies";47;12;57;61;"false"
939;"Tobit";"Cheese - Grana Padano";79;54;15;23;"false"
940;"George";"Oranges";15;41;48;87;"false"
941;"Jecho";"Pepper - Julienne, Frozen";15;20;24;44;"false"
942;"Aurora";"Asparagus - White, Fresh";15;100;33;70;"false"
943;"Gus";"Cheese - Brie";100;67;56;73;"true"
944;"Umberto";"Coffee - Irish Cream";30;88;22;14;"true"
945;"Lori";"Sauce - Soya, Dark";98;23;80;36;"false"
946;"Demetri";"Eggwhite Frozen";96;96;75;81;"true"
947;"Katinka";"Corn Syrup";46;11;16;91;"true"
948;"Perren";"Veal - Eye Of Round";31;6;61;40;"false"
949;"Ranna";"Pop Shoppe Cream Soda";15;61;36;24;"false"
950;"Bendite";"Cactus Pads";7;3;14;22;"true"
951;"Ricoriki";"Mustard - Seed";94;91;32;73;"true"
952;"Leland";"Dip - Tapenade";64;23;50;39;"true"
953;"Aliza";"Brownies - Two Bite, Chocolate";20;39;75;95;"true"
954;"Leola";"Lettuce - Green Leaf";93;1;68;78;"false"
955;"Nancy";"Tea - Darjeeling, Azzura";16;79;4;88;"true"
956;"Marissa";"Wine - Winzer Krems Gruner";34;56;90;30;"true"
957;"Malissa";"Oil - Canola";84;11;84;7;"false"
958;"Hunter";"Cinnamon - Stick";80;41;2;55;"true"
959;"Rosalind";"Rootbeer";66;29;29;45;"true"
960;"Caprice";"Lamb - Shoulder, Boneless";89;70;11;60;"true"
961;"Adelaide";"Muffin - Bran Ind Wrpd";35;38;1;43;"true"
962;"Verene";"Chips - Potato Jalapeno";31;70;29;95;"true"
963;"Graeme";"Wine - Guy Sage Touraine";65;44;66;64;"true"
964;"Yorgo";"Salmon - Atlantic, Skin On";77;89;66;48;"false"
965;"Zachery";"Vinegar - Cider";36;9;89;68;"true"
966;"Darrin";"Garbage Bags - Clear";11;22;85;41;"true"
967;"Reiko";"Flower - Leather Leaf Fern";29;17;32;49;"false"
968;"Tremayne";"Venison - Liver";37;27;63;90;"false"
969;"Redd";"Beef - Tenderloin Tails";61;52;55;72;"false"
970;"Linc";"Cookie Chocolate Chip With";34;21;86;95;"true"
971;"Gretta";"Apricots - Halves";80;96;16;96;"true"
972;"Marge";"Ecolab - Hand Soap Form Antibac";89;91;25;75;"true"
973;"Sileas";"Croissants Thaw And Serve";37;51;82;67;"true"
974;"Bernard";"Wine - Savigny - Les - Beaune";18;32;96;47;"true"
975;"Briny";"Napkin - Dinner, White";45;8;24;21;"false"
976;"Licha";"Bread - Bagels, Plain";10;53;9;3;"false"
977;"Deane";"Noodles - Steamed Chow Mein";64;22;39;69;"true"
978;"Bonnee";"Cookie Dough - Chocolate Chip";7;95;54;32;"false"
979;"Harri";"Island Oasis - Wildberry";62;55;69;4;"true"
980;"Rance";"Juice - Lemon";46;55;53;28;"true"
981;"Lizette";"Capers - Ox Eye Daisy";13;91;14;39;"false"
982;"Diandra";"Jam - Raspberry,jar";71;75;15;13;"true"
983;"Devlin";"Chickhen - Chicken Phyllo";48;59;45;98;"false"
984;"Simeon";"Sandwich Wrap";81;10;74;46;"true"
985;"Murial";"Soup - Canadian Pea, Dry Mix";95;7;74;84;"true"
986;"Sharai";"Wine - Chenin Blanc K.w.v.";88;56;16;59;"false"
987;"Russ";"Sauce - Cranberry";30;70;35;8;"false"
988;"Eartha";"Tarts Assorted";36;44;41;79;"false"
989;"Shelton";"Bread - French Baquette";49;74;51;30;"true"
990;"Jean";"Sugar - Individual Portions";78;67;18;33;"false"
991;"Harlie";"Icecream - Dstk Strw Chseck";48;49;42;71;"false"
992;"Corie";"Cake - Mini Cheesecake";79;14;17;36;"true"
993;"Bonni";"Wonton Wrappers";61;68;90;39;"false"
994;"Maryl";"Beer - Paulaner Hefeweisse";51;21;20;74;"false"
995;"Marybelle";"Wine - Jackson Triggs Okonagan";77;8;80;86;"false"
996;"Ted";"Crab - Claws, 26 - 30";100;29;34;64;"true"
997;"Martica";"Marsala - Sperone, Fine, D.o.c.";67;47;63;40;"false"
998;"Fey";"Wine - Jaboulet Cotes Du Rhone";8;93;70;7;"true"
999;"Sydney";"Milk 2% 500 Ml";74;89;40;11;"true"
1000;"Rodi";"Wine - White, Colubia Cresh";2;41;95;22;"true"
